{"cameraMode":{"drawMode":0,"name":"Shaded","section":"Shading Mode"},"sceneLighting":true,"audioPlay":false,"sceneViewState":{"m_AlwaysRefresh":false,"showFog":true,"showSkybox":true,"showFlares":true,"showImageEffects":true,"showParticleSystems":true,"showVisualEffectGraphs":true,"m_FxEnabled":true},"in2DMode":false,"pivot":{"x":-0.5618573427200317,"y":0.3090459108352661,"z":-0.026644468307495118},"rotation":{"x":0.013499143533408642,"y":-0.007499178871512413,"z":0.00010119436046807095,"w":0.9998818039894104},"size":4.786895751953125,"orthographic":false}